Морев|Шишов|Петр|Петрович
Морев|Полоз|Василий|Евгеньевич
Морев|Алексеева|Анастасия|Александровна
Морев|Кисиев|Дмитрий|Теймуразович
Максимов|Сидорова|Карина|Павловна
Максимов|Логинова|Ксения|Валерьевна
Максимов|Бардин|Игорь|Олегович
Максимов|Хоткина|Алина|Алексеевна
Максимов|Илюшкин|Егор|Александрович
Максимов|Романов|Игорь|Юрьевич
Максимов|Арчагов|Александр|Олегович
Максимов|Назимова|Анастасия|Сергеевна
Максимов|Чураков|Кирилл|Ришатович
Максимов|Карасев|Егор|Михайлович
Максимов|Ибрагимов|Петер|Ильгизович
Максимов|Миляев|Фёдор|Владимирович
Дикарев|Васькин|Тимофей|Александрович
Дикарев|Лапина|Нина|Евгеньевна
